City_ID,City,Lat,Lng,Max Temp,Humidity,Cloudiness,Wind Speed,Country,Date
0,Nizhniy Kuranakh,58.8353,125.4869,-21.77,100,67,2.73,RU,2022-01-21 01:26:43
1,Corrente,-3.7367,-43.3394,71.76,97,100,2.77,BR,2022-01-21 01:26:43
2,Redlands,34.0556,-117.1825,69.48,28,0,8.05,US,2022-01-21 01:26:43
3,Puerto Ayora,-0.7393,-90.3518,73.6,89,84,9.04,EC,2022-01-21 01:25:06
4,San Pedro,14.35,121.0167,82.09,71,40,3.44,PH,2022-01-21 01:26:43
5,Qaanaaq,77.484,-69.3632,16.36,86,100,2.59,GL,2022-01-21 01:24:42
6,Rikitea,-23.1203,-134.9692,78.71,75,100,6.85,PF,2022-01-21 01:26:44
7,New Norfolk,-42.7826,147.0587,80.91,30,8,1.99,AU,2022-01-21 01:26:44
8,Codrington,-38.2667,141.9667,86.16,27,0,8.28,AU,2022-01-21 01:26:44
9,Roald,62.5833,6.1333,37.54,87,100,17.27,NO,2022-01-21 01:26:45
10,Kruisfontein,-34.0033,24.7314,69.89,95,31,9.53,ZA,2022-01-21 01:26:45
11,Punta Arenas,-53.15,-70.9167,57.31,62,0,9.22,CL,2022-01-21 01:24:47
12,Hilo,19.7297,-155.09,79.79,83,100,10.36,US,2022-01-21 01:26:27
13,Mangrol,21.1167,70.1167,70.79,87,5,9.33,IN,2022-01-21 01:26:45
14,Bredasdorp,-34.5322,20.0403,58.28,93,0,3.44,ZA,2022-01-21 01:24:42
15,Torbay,47.6666,-52.7314,44.58,94,100,18.41,CA,2022-01-21 01:26:46
16,Avera,33.194,-82.5271,51.71,93,100,6.96,US,2022-01-21 01:26:46
17,Pabrade,55.0,25.7833,28.83,92,100,16.33,LT,2022-01-21 01:26:46
18,Busselton,-33.65,115.3333,94.05,29,1,7.4,AU,2022-01-21 01:26:47
19,Khatanga,71.9667,102.5,-3.57,93,100,8.43,RU,2022-01-21 01:26:47
20,Hithadhoo,-0.6,73.0833,81.82,74,100,7.56,MV,2022-01-21 01:26:47
21,Vestmanna,62.1564,-7.1664,43.72,93,100,28.77,FO,2022-01-21 01:26:47
22,Pevek,69.7008,170.3133,-35.0,96,20,1.9,RU,2022-01-21 01:26:48
23,Faanui,-16.4833,-151.75,80.87,76,100,19.55,PF,2022-01-21 01:26:48
24,Mataura,-46.1927,168.8643,58.48,61,93,8.77,NZ,2022-01-21 01:26:48
25,Aljezur,37.3191,-8.8033,48.11,62,0,5.21,PT,2022-01-21 01:26:48
26,Prado,-17.3411,-39.2208,75.15,89,0,4.81,BR,2022-01-21 01:26:49
27,Kirovskiy,45.0917,133.5136,-5.39,93,25,1.68,RU,2022-01-21 01:26:49
28,Yellowknife,62.456,-114.3525,-10.68,77,100,23.02,CA,2022-01-21 01:24:34
29,Vila Franca Do Campo,37.7167,-25.4333,61.21,83,7,16.11,PT,2022-01-21 01:26:49
30,Tungor,53.3808,142.9564,-1.17,86,98,15.88,RU,2022-01-21 01:26:49
31,Hobart,-42.8794,147.3294,81.27,40,20,1.01,AU,2022-01-21 01:26:50
32,Port Alfred,-33.5906,26.891,71.83,86,97,17.45,ZA,2022-01-21 01:26:50
33,Jamestown,42.097,-79.2353,13.71,85,100,5.75,US,2022-01-21 01:24:49
34,Izhma,65.0083,53.9113,16.39,92,97,10.36,RU,2022-01-21 01:26:50
35,Mar Del Plata,-38.0023,-57.5575,72.09,100,100,21.0,AR,2022-01-21 01:26:51
36,Yeppoon,-23.1333,150.7333,80.38,67,43,23.58,AU,2022-01-21 01:26:51
37,Ape,57.5393,26.6929,27.72,96,100,7.36,LV,2022-01-21 01:26:51
38,Kuchinarai,16.541,104.05,69.42,75,100,4.21,TH,2022-01-21 01:26:51
39,Denpasar,-8.65,115.2167,82.06,78,40,14.97,ID,2022-01-21 01:26:52
40,Bluff,-46.6,168.3333,58.8,76,100,17.67,NZ,2022-01-21 01:26:52
41,Comodoro Rivadavia,-45.8667,-67.5,60.66,94,40,2.3,AR,2022-01-21 01:26:01
42,Correntina,-13.3433,-44.6367,70.11,81,5,2.21,BR,2022-01-21 01:26:52
43,Ushuaia,-54.8,-68.3,58.66,51,0,9.22,AR,2022-01-21 01:24:46
44,Nikolskoye,59.7035,30.7861,30.09,96,86,4.61,RU,2022-01-21 01:26:53
45,Avarua,-21.2078,-159.775,80.65,89,100,12.66,CK,2022-01-21 01:27:31
46,Impfondo,1.6381,18.0667,71.98,60,88,0.98,CG,2022-01-21 01:27:53
47,Panzhihua,26.5851,101.7128,47.82,68,99,1.19,CN,2022-01-21 01:27:53
48,Axim,4.8699,-2.2405,78.17,74,11,1.48,GH,2022-01-21 01:27:54
49,Alice Springs,-23.7,133.8833,93.22,42,96,5.01,AU,2022-01-21 01:27:50
50,Dikson,73.5069,80.5464,4.68,94,100,13.47,RU,2022-01-21 01:27:54
51,Alofi,-19.0595,-169.9187,85.89,66,75,17.27,NU,2022-01-21 01:27:08
52,Constitucion,-35.3333,-72.4167,54.57,78,0,10.33,CL,2022-01-21 01:23:52
53,Beruwala,6.4788,79.9828,73.13,87,96,4.29,LK,2022-01-21 01:27:54
54,East London,-33.0153,27.9116,71.76,82,98,17.65,ZA,2022-01-21 01:27:55
55,Vaini,-21.2,-175.2,81.77,78,94,16.73,TO,2022-01-21 01:27:55
56,Port Elizabeth,-33.918,25.5701,72.1,83,100,17.27,ZA,2022-01-21 01:26:43
57,Talnakh,69.4865,88.3972,10.67,95,100,13.67,RU,2022-01-21 01:27:55
58,Albany,42.6001,-73.9662,15.28,63,27,13.0,US,2022-01-21 01:24:06
59,Abu Zabad,12.35,29.25,58.03,16,85,15.46,SD,2022-01-21 01:27:56
60,Tarko-Sale,64.9225,77.785,9.97,92,18,15.52,RU,2022-01-21 01:27:56
61,Lagoa,39.05,-27.9833,61.07,87,100,19.22,PT,2022-01-21 01:27:56
62,Sao Miguel Do Araguaia,-13.275,-50.1628,73.51,86,10,1.79,BR,2022-01-21 01:23:49
63,Narsaq,60.9167,-46.05,25.02,87,100,18.72,GL,2022-01-21 01:27:56
64,Quang Ngai,15.1167,108.8,68.74,89,100,3.33,VN,2022-01-21 01:27:57
65,Nuuk,64.1835,-51.7216,16.88,78,100,11.99,GL,2022-01-21 01:27:57
66,Georgetown,5.4112,100.3354,82.33,82,20,4.61,MY,2022-01-21 01:23:10
67,Saint-Augustin,51.226,-58.6502,3.47,87,100,8.68,CA,2022-01-21 01:27:57
68,Rio Gallegos,-51.6226,-69.2181,60.85,63,20,29.93,AR,2022-01-21 01:27:57
69,Kachiry,53.0675,76.1036,-5.48,100,77,6.62,KZ,2022-01-21 01:27:58
70,Byron Bay,-28.65,153.6167,80.06,63,70,17.13,AU,2022-01-21 01:27:58
71,Rio Grande,-32.035,-52.0986,77.95,94,31,14.5,BR,2022-01-21 01:27:58
72,Grindavik,63.8424,-22.4338,48.15,93,40,31.07,IS,2022-01-21 01:27:59
73,Castro,-24.7911,-50.0119,66.58,90,93,3.62,BR,2022-01-21 01:27:59
74,Carnarvon,-24.8667,113.6333,98.67,23,0,14.97,AU,2022-01-21 01:27:59
75,Sept-Iles,50.2001,-66.3821,0.05,64,0,1.01,CA,2022-01-21 01:27:59
76,Atuona,-9.8,-139.0333,78.93,77,47,24.05,PF,2022-01-21 01:28:00
77,La Sarre,48.8002,-79.1996,-17.68,100,76,4.5,CA,2022-01-21 01:28:00
78,Geraldton,-28.7667,114.6,102.61,8,0,18.41,AU,2022-01-21 01:28:00
79,Butaritari,3.0707,172.7902,81.84,72,100,17.56,KI,2022-01-21 01:28:00
80,Purranque,-40.9167,-73.1667,56.53,80,13,2.13,CL,2022-01-21 01:28:01
81,Ginir,7.1333,40.7,60.26,61,97,3.6,ET,2022-01-21 01:28:01
82,Saint George,37.1041,-113.5841,54.19,33,0,1.01,US,2022-01-21 01:23:20
83,Timon,-5.0942,-42.8367,76.78,83,0,0.0,BR,2022-01-21 01:28:01
84,Amla,21.9333,78.1167,56.08,67,0,4.07,IN,2022-01-21 01:28:02
85,Rocha,-34.4833,-54.3333,74.77,94,96,11.3,UY,2022-01-21 01:28:02
86,Sarangpur,23.5667,76.4667,57.78,70,0,4.79,IN,2022-01-21 01:28:02
87,Saskylakh,71.9167,114.0833,-21.3,93,60,7.07,RU,2022-01-21 01:28:02
88,Thompson,55.7435,-97.8558,-3.84,71,75,11.5,CA,2022-01-21 01:26:34
89,Pozo Colorado,-23.4923,-58.7972,84.16,52,9,6.38,PY,2022-01-21 01:28:03
90,Kavieng,-2.5744,150.7967,82.26,75,100,4.0,PG,2022-01-21 01:23:11
91,Logansport,40.7545,-86.3567,21.81,54,100,4.61,US,2022-01-21 01:23:19
92,Vilyuysk,63.7553,121.6247,-5.87,100,100,3.49,RU,2022-01-21 01:28:03
93,Mahebourg,-20.4081,57.7,80.89,89,75,14.97,MU,2022-01-21 01:29:03
94,Kapaa,22.0752,-159.319,80.11,68,0,1.01,US,2022-01-21 01:29:04
95,Tasiilaq,65.6145,-37.6368,37.56,93,100,16.15,GL,2022-01-21 01:27:30
96,Bairiki,1.3292,172.9752,87.8,70,40,11.5,KI,2022-01-21 01:29:04
97,Atasu,48.6814,71.6433,5.0,93,13,7.74,KZ,2022-01-21 01:29:04
98,Rawatbhata,24.9333,75.5833,58.37,59,0,1.32,IN,2022-01-21 01:29:05
99,Golkoy,40.6875,37.6178,24.21,80,7,12.33,TR,2022-01-21 01:29:05
100,Seredka,58.1584,28.1858,28.15,95,100,7.34,RU,2022-01-21 01:29:05
101,Ancona,43.55,13.1667,43.84,62,75,1.01,IT,2022-01-21 01:29:05
102,Fukue,32.6881,128.8419,46.76,57,75,9.22,JP,2022-01-21 01:29:06
103,Victoria,22.2855,114.1577,66.38,80,100,1.99,HK,2022-01-21 01:28:43
104,Fort Nelson,58.8053,-122.7002,-0.81,71,75,12.66,CA,2022-01-21 01:29:06
105,Tuktoyaktuk,69.4541,-133.0374,-20.2,69,75,16.11,CA,2022-01-21 01:29:06
106,Mount Isa,-20.7333,139.5,85.77,58,100,12.66,AU,2022-01-21 01:29:07
107,Ponta Do Sol,32.6667,-17.1,65.03,80,100,15.75,PT,2022-01-21 01:29:07
108,Bilma,18.6853,12.9164,53.47,26,0,6.35,NE,2022-01-21 01:29:07
109,Oranjemund,-28.55,16.4333,66.81,79,12,12.01,NA,2022-01-21 01:29:08
110,Nuevo Casas Grandes,30.4167,-107.9167,39.74,83,85,5.01,MX,2022-01-21 01:29:08
111,Upernavik,72.7868,-56.1549,-0.8,92,100,11.05,GL,2022-01-21 01:29:08
112,Fortuna,40.5982,-124.1573,55.42,92,75,1.99,US,2022-01-21 01:29:08
113,Bambous Virieux,-20.3428,57.7575,80.85,89,75,14.97,MU,2022-01-21 01:29:09
114,Aklavik,68.2191,-135.0107,-21.17,91,18,6.82,CA,2022-01-21 01:29:09
115,Burnie,-41.0667,145.9167,69.94,59,2,7.29,AU,2022-01-21 01:29:09
116,Yurimaguas,-5.9,-76.0833,73.9,97,98,2.57,PE,2022-01-21 01:29:09
117,Broken Hill,-31.95,141.4333,82.11,39,98,20.71,AU,2022-01-21 01:29:10
118,Port Lincoln,-34.7333,135.8667,72.72,79,100,11.79,AU,2022-01-21 01:29:10
119,Portland,45.5234,-122.6762,52.77,80,75,5.99,US,2022-01-21 01:26:13
120,Sabaudia,41.3003,13.0282,49.35,96,100,9.48,IT,2022-01-21 01:29:10
121,Taksimo,56.3444,114.8794,-18.87,96,62,0.63,RU,2022-01-21 01:29:10
122,Nongstoin,25.5167,91.2667,41.79,90,13,3.15,IN,2022-01-21 01:29:11
123,Saint-Philippe,-21.3585,55.7679,78.35,81,51,8.97,RE,2022-01-21 01:29:11
124,Mackay,-21.15,149.2,84.18,70,40,20.71,AU,2022-01-21 01:26:14
125,Kodiak,57.79,-152.4072,38.71,87,100,25.32,US,2022-01-21 01:29:11
126,Tiksi,71.6872,128.8694,-14.04,96,61,10.18,RU,2022-01-21 01:29:12
127,Ponta Delgada,37.7333,-25.6667,61.52,77,20,12.66,PT,2022-01-21 01:29:12
128,Kaeo,-35.1,173.7833,78.33,47,14,4.94,NZ,2022-01-21 01:29:12
129,Namatanai,-3.6667,152.4333,82.98,74,100,8.99,PG,2022-01-21 01:29:12
130,Krasnorechenskiy,44.6265,135.3532,-0.83,87,21,6.89,RU,2022-01-21 01:29:13
131,Atbasar,51.8,68.3333,-0.94,93,100,6.71,KZ,2022-01-21 01:29:13
132,Esperance,-33.8667,121.9,73.24,59,0,8.75,AU,2022-01-21 01:29:13
133,Sawtell,-30.3833,153.1,77.02,76,40,17.27,AU,2022-01-21 01:29:13
134,Berdigestyakh,62.0989,126.6992,-8.39,99,99,4.43,RU,2022-01-21 01:29:14
135,Faya,18.3851,42.4509,46.51,74,0,3.74,SA,2022-01-21 01:29:14
136,Cape Town,-33.9258,18.4232,64.89,82,0,3.0,ZA,2022-01-21 01:27:26
137,Zaria,11.1113,7.7227,56.98,26,38,11.01,NG,2022-01-21 01:29:14
138,Las Vegas,36.175,-115.1372,60.24,28,0,3.44,US,2022-01-21 01:28:58
139,Vila Velha,-20.3297,-40.2925,80.55,78,75,1.01,BR,2022-01-21 01:30:15
140,Mandalgovi,45.7625,106.2708,8.02,80,9,7.36,MN,2022-01-21 01:30:15
141,Sioux Lookout,50.1001,-91.917,-9.02,84,0,6.91,CA,2022-01-21 01:30:15
142,Cabo San Lucas,22.8909,-109.9124,73.94,65,75,6.91,MX,2022-01-21 01:30:15
143,Bilibino,68.0546,166.4372,-27.9,82,4,3.47,RU,2022-01-21 01:30:16
144,Chokurdakh,70.6333,147.9167,-38.36,98,82,5.7,RU,2022-01-21 01:30:16
145,Arraial Do Cabo,-22.9661,-42.0278,75.79,89,20,13.96,BR,2022-01-21 01:30:16
146,Half Moon Bay,37.4636,-122.4286,63.34,72,40,1.01,US,2022-01-21 01:30:17
147,Biak,-0.9131,122.8766,82.33,71,78,0.96,ID,2022-01-21 01:30:17
148,Pemangkat,1.1667,108.9667,79.59,80,85,4.25,ID,2022-01-21 01:30:17
149,Dunedin,-45.8742,170.5036,64.8,57,99,11.01,NZ,2022-01-21 01:30:18
150,Souillac,-20.5167,57.5167,80.98,89,75,14.97,MU,2022-01-21 01:30:18
151,San Ignacio,17.1561,-89.0714,75.34,94,75,0.0,BZ,2022-01-21 01:30:19
152,Tocopilla,-22.092,-70.1979,70.77,79,31,9.89,CL,2022-01-21 01:30:19
153,Bafia,4.75,11.2333,65.62,43,100,1.41,CM,2022-01-21 01:30:20
154,Ancud,-41.8697,-73.8203,56.73,89,11,8.97,CL,2022-01-21 01:30:20
155,Pisco,-13.7,-76.2167,68.02,92,67,6.29,PE,2022-01-21 01:30:20
156,Williston,48.147,-103.618,27.91,73,100,16.75,US,2022-01-21 01:30:20
157,Kalabo,-14.97,22.6814,65.91,94,100,2.62,ZM,2022-01-21 01:30:21
158,Clyde River,70.4692,-68.5914,-1.97,84,96,4.61,CA,2022-01-21 01:30:21
159,La Macarena,2.1837,-73.7849,76.82,59,49,1.77,CO,2022-01-21 01:30:22
160,Jumla,29.2747,82.1838,25.29,87,59,4.97,NP,2022-01-21 01:30:22
161,Wagar,16.1525,36.2032,62.13,67,0,15.21,SD,2022-01-21 01:30:22
162,Hambantota,6.1241,81.1185,68.34,100,82,2.3,LK,2022-01-21 01:30:23
163,Amga,60.8953,131.9608,-24.29,96,76,1.68,RU,2022-01-21 01:30:23
164,Baghdad,33.3406,44.4009,33.71,60,0,6.91,IQ,2022-01-21 01:26:17
165,Ribeira Grande,38.5167,-28.7,63.0,82,40,9.22,PT,2022-01-21 01:30:23
166,Great Yarmouth,52.6083,1.7305,34.95,87,32,15.01,GB,2022-01-21 01:30:23
167,Katobu,-4.9408,122.5276,77.18,88,100,7.76,ID,2022-01-21 01:30:24
168,Lebedinyy,58.5167,125.5167,-1.88,91,46,4.56,RU,2022-01-21 01:30:24
169,Caravelas,-17.7125,-39.2481,75.15,92,0,4.34,BR,2022-01-21 01:30:24
170,Necochea,-38.5473,-58.7368,71.04,89,97,19.01,AR,2022-01-21 01:30:04
171,Zhanakorgan,43.9098,67.2495,27.97,83,87,6.4,KZ,2022-01-21 01:30:25
172,Westerland,54.9079,8.3033,39.22,65,75,24.16,DE,2022-01-21 01:30:26
173,Santa Ana,33.7456,-117.8678,73.92,43,0,5.75,US,2022-01-21 01:28:00
174,Tazovskiy,67.4667,78.7,11.82,88,99,17.56,RU,2022-01-21 01:30:26
175,Koroni,36.8,21.95,49.06,66,66,3.62,GR,2022-01-21 01:30:26
176,Ilulissat,69.2167,-51.1,19.42,73,100,14.97,GL,2022-01-21 01:30:27
177,Severo-Kurilsk,50.6789,156.125,31.42,80,100,26.28,RU,2022-01-21 01:30:27
178,Pacific Grove,36.6177,-121.9166,63.57,85,0,4.0,US,2022-01-21 01:30:27
179,Monrovia,6.3005,-10.7969,78.17,81,100,3.8,LR,2022-01-21 01:30:27
180,Grand Gaube,-20.0064,57.6608,81.0,87,31,5.99,MU,2022-01-21 01:30:28
181,Klaksvik,62.2266,-6.589,45.52,85,100,24.87,FO,2022-01-21 01:30:28
182,Lakes Entrance,-37.8811,147.981,77.58,54,0,6.26,AU,2022-01-21 01:28:26
183,Bubaque,11.2833,-15.8333,78.44,70,67,9.15,GW,2022-01-21 01:31:28
184,Cherskiy,68.75,161.3,-38.72,99,19,1.59,RU,2022-01-21 01:31:29
185,Havre-Saint-Pierre,50.2334,-63.5986,9.19,71,0,5.75,CA,2022-01-21 01:31:29
186,Sao Jose Da Coroa Grande,-8.8978,-35.1478,78.87,81,16,6.69,BR,2022-01-21 01:31:29
187,Nizwa,22.9333,57.5333,66.11,67,0,3.0,OM,2022-01-21 01:31:30
188,Lasa,46.6166,10.7002,32.88,95,51,9.71,IT,2022-01-21 01:31:30
189,Montepuez,-13.1256,38.9997,64.72,96,8,3.74,MZ,2022-01-21 01:31:30
190,San Carlos De Bariloche,-41.1456,-71.3082,51.55,50,20,14.97,AR,2022-01-21 01:30:43
191,Zhigansk,66.7697,123.3711,-15.25,97,100,16.55,RU,2022-01-21 01:31:31
192,Sieradz,51.5958,18.7302,27.18,84,8,18.21,PL,2022-01-21 01:31:31
193,Yar-Sale,66.8333,70.8333,12.7,89,99,21.52,RU,2022-01-21 01:31:31
194,Lavrentiya,65.5833,-171.0,-17.36,93,5,11.65,RU,2022-01-21 01:31:32
195,Bereda,43.2686,-7.5406,46.92,98,9,8.05,ES,2022-01-21 01:31:32
196,Umm Lajj,25.0213,37.2685,60.51,38,0,15.48,SA,2022-01-21 01:31:32
197,Hervey Bay,-25.2986,152.8535,79.03,71,45,26.71,AU,2022-01-21 01:31:32
198,Lukovetskiy,64.2956,41.9211,31.98,97,100,9.46,RU,2022-01-21 01:31:33
199,Nola,40.922,14.5329,50.56,99,61,2.53,IT,2022-01-21 01:31:33
200,Broome,42.2506,-75.833,12.61,75,100,1.01,US,2022-01-21 01:31:33
201,Provideniya,64.3833,-173.3,1.51,60,0,15.66,RU,2022-01-21 01:31:34
202,Bulnes,-36.7423,-72.2985,65.16,59,0,6.58,CL,2022-01-21 01:28:19
203,Gorontalo,0.5412,123.0595,81.05,85,100,6.33,ID,2022-01-21 01:31:34
204,Mount Gambier,-37.8333,140.7667,84.11,26,2,21.85,AU,2022-01-21 01:31:34
205,Brownsville,25.9018,-97.4975,43.09,67,100,14.97,US,2022-01-21 01:28:27
206,Agirish,61.9247,63.0231,9.97,95,100,8.23,RU,2022-01-21 01:31:35
207,Turayf,31.6725,38.6637,25.05,100,0,0.0,SA,2022-01-21 01:31:35
208,Lumberton,34.6182,-79.0086,48.92,91,100,16.17,US,2022-01-21 01:30:35
209,Madang,-5.2246,145.7966,87.48,61,87,2.86,PG,2022-01-21 01:31:35
210,Hermanus,-34.4187,19.2345,60.91,87,2,10.0,ZA,2022-01-21 01:31:36
211,Chapais,49.7834,-74.8492,-22.22,100,30,3.89,CA,2022-01-21 01:31:36
212,Meulaboh,4.1363,96.1285,79.21,80,12,3.91,ID,2022-01-21 01:31:36
213,Lebu,-37.6167,-73.65,54.57,81,0,2.82,CL,2022-01-21 01:31:37
214,Irbeyskoye,55.6428,95.4522,-11.06,100,94,2.68,RU,2022-01-21 01:31:37
215,Paita,-5.0892,-81.1144,72.07,80,29,15.73,PE,2022-01-21 01:31:37
216,Taft,31.7471,54.2088,30.15,60,40,19.57,IR,2022-01-21 01:31:37
217,Karratha,-20.7377,116.8463,94.32,41,0,7.56,AU,2022-01-21 01:31:38
218,Vagur,61.4732,-6.8119,46.63,90,100,28.97,FO,2022-01-21 01:31:38
219,Dzaoudzi,-12.7887,45.2699,78.69,89,0,6.91,YT,2022-01-21 01:31:38
220,Oktyabrskoye,43.0645,44.7417,17.74,93,99,2.24,RU,2022-01-21 01:31:38
221,Duku,11.2361,4.9073,65.61,19,6,8.37,NG,2022-01-21 01:31:39
222,Luena,-11.7833,19.9167,59.83,92,100,2.55,AO,2022-01-21 01:31:39
223,Virginia Beach,36.8529,-75.978,36.01,93,100,14.97,US,2022-01-21 01:28:18
224,Zhenhai,24.2582,118.0905,57.88,81,100,19.1,CN,2022-01-21 01:31:39
225,Beringovskiy,63.05,179.3167,-13.23,78,6,13.44,RU,2022-01-21 01:31:40
226,Boysun,38.2061,67.1986,35.06,23,0,6.91,UZ,2022-01-21 01:31:40
227,Marzuq,14.4,46.4667,59.38,33,39,2.21,YE,2022-01-21 01:31:40
228,Saurimo,-9.6608,20.3916,62.71,97,100,2.44,AO,2022-01-21 01:31:40
229,Husavik,66.0449,-17.3389,49.91,78,100,19.69,IS,2022-01-21 01:31:41
230,Yendi,9.4427,-0.0099,71.47,16,1,7.2,GH,2022-01-21 01:31:41
231,Stepnyak,52.8339,70.7803,1.74,88,100,5.82,KZ,2022-01-21 01:32:41
232,Praia,14.9215,-23.5087,72.14,78,75,9.22,CV,2022-01-21 01:32:41
233,Manaure,11.7751,-72.4445,78.82,71,6,18.59,CO,2022-01-21 01:32:42
234,Asheville,35.6009,-82.554,36.18,85,100,1.99,US,2022-01-21 01:28:22
235,Baruun-Urt,46.6806,113.2792,1.74,74,100,9.19,MN,2022-01-21 01:32:42
236,La Ronge,55.1001,-105.2842,8.85,78,100,8.05,CA,2022-01-21 01:32:42
237,Lata,40.1629,-8.3327,50.05,83,0,4.07,PT,2022-01-21 01:32:43
238,Acarau,-2.8856,-40.12,77.54,86,22,10.04,BR,2022-01-21 01:32:43
239,Tual,-5.6667,132.75,82.9,78,74,18.7,ID,2022-01-21 01:32:43
240,Santa Rosalia,27.3167,-112.2833,62.28,51,0,7.58,MX,2022-01-21 01:32:43
241,La Plata,-34.9215,-57.9545,80.01,91,0,11.07,AR,2022-01-21 01:30:00
242,Calabozo,8.9242,-67.4293,82.27,42,20,7.31,VE,2022-01-21 01:32:44
243,Pasni,25.2631,63.471,71.74,59,0,18.99,PK,2022-01-21 01:32:44
244,Bonthe,7.5264,-12.505,77.22,85,79,2.95,SL,2022-01-21 01:32:44
245,Saint-Georges,12.0564,-61.7485,76.68,78,20,5.75,GD,2022-01-21 01:32:44
246,Eyl,7.9803,49.8164,71.94,83,76,16.31,SO,2022-01-21 01:32:45
247,Coihaique,-45.5752,-72.0662,56.01,100,100,3.44,CL,2022-01-21 01:31:29
248,Sur,22.5667,59.5289,71.56,77,2,6.11,OM,2022-01-21 01:32:45
249,Bozdar,27.1828,68.636,51.87,43,0,8.03,PK,2022-01-21 01:32:45
250,Bethel,41.3712,-73.414,26.04,61,0,13.8,US,2022-01-21 01:28:26
251,Linfen,36.0889,111.5189,30.18,81,100,3.22,CN,2022-01-21 01:32:46
252,Berlevag,70.8578,29.0864,27.54,75,100,26.57,NO,2022-01-21 01:32:46
253,Marawi,7.9986,124.2928,71.65,65,100,3.87,PH,2022-01-21 01:32:46
254,San Jose,37.3394,-121.895,63.75,63,40,5.75,US,2022-01-21 01:29:56
255,Petropavlovsk-Kamchatskiy,53.0452,158.6483,25.39,59,75,2.24,RU,2022-01-21 01:32:47
256,Roma,43.2128,-75.4557,12.83,74,0,6.91,US,2022-01-21 01:28:52
257,Bernal,-5.45,-80.75,74.62,71,16,15.05,PE,2022-01-21 01:32:47
258,Teacapan,22.55,-105.75,71.71,72,100,11.54,MX,2022-01-21 01:32:47
259,Tabuk,17.4189,121.4443,73.4,84,86,2.53,PH,2022-01-21 01:32:48
260,Makakilo City,21.3469,-158.0858,80.92,65,0,8.05,US,2022-01-21 01:32:48
261,Buala,-8.145,159.5921,79.95,87,100,8.86,SB,2022-01-21 01:32:48
262,Taperoa,-7.2075,-36.8267,75.0,75,5,11.99,BR,2022-01-21 01:32:48
263,Labuhan,-6.8844,112.2051,77.13,82,100,5.41,ID,2022-01-21 01:32:49
264,Itarema,-2.9248,-39.9167,76.87,87,36,8.95,BR,2022-01-21 01:32:49
265,Yining,29.0361,114.5636,48.51,85,100,2.26,CN,2022-01-21 01:32:49
266,Muroto,33.2833,134.15,44.64,43,2,5.53,JP,2022-01-21 01:32:49
267,Verkhniy Baskunchak,48.2256,46.7217,9.25,98,69,2.01,RU,2022-01-21 01:32:50
268,Ambulu,-8.345,113.6058,79.99,77,88,3.13,ID,2022-01-21 01:32:50
269,Muisne,0.6,-80.0333,76.32,86,100,10.16,EC,2022-01-21 01:32:50
270,Vardo,70.3705,31.1107,30.65,77,98,32.99,NO,2022-01-21 01:29:35
271,Asahikawa,43.7678,142.3703,16.81,79,75,2.3,JP,2022-01-21 01:32:51
272,Norman Wells,65.282,-126.8329,-16.56,63,75,18.41,CA,2022-01-21 01:32:51
273,Goderich,43.7501,-81.7165,17.91,85,97,5.75,CA,2022-01-21 01:32:51
274,Egvekinot,66.3167,-179.1667,-12.32,73,0,17.87,RU,2022-01-21 01:32:51
275,Aykhal,66.0,111.5,-10.53,100,76,9.69,RU,2022-01-21 01:32:52
276,Warrington,53.3925,-2.5802,37.49,90,100,3.44,GB,2022-01-21 01:33:52
277,Kaitangata,-46.2817,169.8464,62.92,64,94,10.76,NZ,2022-01-21 01:33:52
278,Iqaluit,63.7506,-68.5145,-27.31,74,40,1.99,CA,2022-01-21 01:29:33
279,Mazagao,-0.115,-51.2894,82.45,98,42,3.85,BR,2022-01-21 01:33:53
280,Barrow,71.2906,-156.7887,-20.18,76,20,4.61,US,2022-01-21 01:33:53
281,Beipiao,41.7919,120.7792,11.21,52,29,1.77,CN,2022-01-21 01:33:53
282,Nhulunbuy,-12.2333,136.7667,88.41,66,40,9.22,AU,2022-01-21 01:33:53
283,Surt,31.2089,16.5887,54.57,64,90,11.18,LY,2022-01-21 01:33:54
284,Gat,31.61,34.7642,47.08,100,16,6.15,IL,2022-01-21 01:33:54
285,Freetown,8.484,-13.2299,80.31,69,75,6.91,SL,2022-01-21 01:33:54
286,Bull Savanna,17.8868,-77.5902,72.84,85,1,10.11,JM,2022-01-21 01:33:54
287,Okhotsk,59.3833,143.3,-7.01,73,80,11.07,RU,2022-01-21 01:33:55
288,Machico,32.7,-16.7667,65.48,82,40,14.97,PT,2022-01-21 01:33:55
289,Nigde,37.8333,34.75,15.55,52,0,5.59,TR,2022-01-21 01:33:56
290,Altoona,40.5187,-78.3947,18.61,64,100,4.0,US,2022-01-21 01:33:56
291,Bathsheba,13.2167,-59.5167,77.61,78,40,20.71,BB,2022-01-21 01:29:28
292,Gizo,-8.103,156.8419,78.6,86,100,5.91,SB,2022-01-21 01:30:42
293,Cortes,41.9395,-1.4396,43.88,67,59,27.58,ES,2022-01-21 01:33:56
294,Kahului,20.8947,-156.47,82.42,72,40,6.91,US,2022-01-21 01:33:56
295,Sangar,63.9242,127.4739,-23.26,97,100,7.85,RU,2022-01-21 01:33:57
296,Ubinskoye,55.3068,79.6802,-8.5,100,99,3.94,RU,2022-01-21 01:33:57
297,Hovd,48.0056,91.6419,9.1,95,100,2.68,MN,2022-01-21 01:32:02
298,Chicama,-7.8447,-79.1469,66.74,75,52,7.65,PE,2022-01-21 01:33:57
299,Safaga,26.7292,33.9365,51.75,59,0,14.41,EG,2022-01-21 01:33:58
300,Mayo,38.8876,-76.5119,33.35,59,0,8.99,US,2022-01-21 01:33:58
301,Monte Alegre,-2.0078,-54.0692,76.59,77,100,3.91,BR,2022-01-21 01:33:58
302,Praia Da Vitoria,38.7333,-27.0667,61.75,94,20,17.05,PT,2022-01-21 01:33:59
303,Cap Malheureux,-19.9842,57.6142,81.09,87,29,5.99,MU,2022-01-21 01:33:59
304,Sangmelima,2.9333,11.9833,63.97,50,77,0.58,CM,2022-01-21 01:33:59
305,Greytown,-29.0642,30.5928,56.62,95,0,1.95,ZA,2022-01-21 01:33:59
306,Yambio,4.5721,28.3955,66.47,39,51,4.32,SS,2022-01-21 01:34:00
307,Derzhavinsk,51.1,66.3167,-2.43,99,63,5.97,KZ,2022-01-21 01:34:00
308,Fairbanks,64.8378,-147.7164,3.24,79,0,11.5,US,2022-01-21 01:34:00
309,Port Macquarie,-31.4333,152.9167,75.16,88,75,14.97,AU,2022-01-21 01:31:39
310,Trairi,-3.2778,-39.2689,76.1,88,90,6.38,BR,2022-01-21 01:34:01
311,La Brea,15.8,-85.9667,72.27,93,1,2.55,HN,2022-01-21 01:34:02
312,Oum Hadjer,13.2954,19.6966,62.82,24,0,8.3,TD,2022-01-21 01:34:02
313,Lazaro Cardenas,17.9583,-102.2,76.26,73,100,3.04,MX,2022-01-21 01:30:02
314,Phalombe,-15.8064,35.6507,62.19,92,10,2.93,MW,2022-01-21 01:34:02
315,Port Hawkesbury,45.6169,-61.3485,29.79,92,100,3.0,CA,2022-01-21 01:34:03
316,Mayumba,-3.432,10.6554,77.13,87,100,3.51,GA,2022-01-21 01:34:03
317,Chuy,-33.6971,-53.4616,74.7,95,38,10.33,UY,2022-01-21 01:34:03
318,Khawhai,23.3667,93.1167,45.9,78,7,0.2,IN,2022-01-21 01:34:03
319,Hammerfest,70.6634,23.6821,28.85,64,75,16.11,NO,2022-01-21 01:34:04
320,Kutum,14.2,24.6667,48.56,24,99,5.55,SD,2022-01-21 01:34:04
321,Urumqi,43.801,87.6005,20.35,93,100,2.24,CN,2022-01-21 01:34:04
322,Kendari,-3.945,122.4989,83.7,67,100,7.29,ID,2022-01-21 01:35:05
323,Oistins,13.0667,-59.5333,77.09,78,40,20.71,BB,2022-01-21 01:35:05
324,Tambura,5.6,27.4667,66.69,29,52,4.76,SS,2022-01-21 01:35:05
325,Tupancireta,-29.0806,-53.8358,78.1,50,37,8.43,BR,2022-01-21 01:35:05
326,Mumbwa,-14.9783,27.0619,64.2,94,100,3.49,ZM,2022-01-21 01:35:06
327,Lompoc,34.6391,-120.4579,66.34,83,0,5.75,US,2022-01-21 01:35:06
328,Colares,38.7992,-9.4469,53.8,51,0,1.99,PT,2022-01-21 01:35:06
329,Taltal,-25.4,-70.4833,69.28,73,34,5.14,CL,2022-01-21 01:35:06
330,Khani,41.9563,42.9566,24.37,91,100,4.07,GE,2022-01-21 01:35:07
331,Jiaozuo,35.2397,113.2331,29.48,91,100,7.29,CN,2022-01-21 01:35:07
332,Prainha,-1.8,-53.48,75.27,83,96,3.49,BR,2022-01-21 01:35:07
333,Ketchikan,55.3422,-131.6461,43.27,87,100,4.61,US,2022-01-21 01:35:08
334,Kloulklubed,7.0419,134.2556,84.7,73,99,16.31,PW,2022-01-21 01:35:08
335,Adre,13.4667,22.2,56.01,20,0,13.2,TD,2022-01-21 01:35:08
336,Belmonte,-15.8631,-38.8828,77.5,78,0,4.88,BR,2022-01-21 01:35:08
337,Touros,-5.1989,-35.4608,81.5,73,62,8.9,BR,2022-01-21 01:35:09
338,Dongsheng,39.8161,109.9776,24.17,88,100,15.05,CN,2022-01-21 01:35:09
339,Damaturu,11.747,11.9608,54.21,37,67,8.28,NG,2022-01-21 01:35:09
340,Castanos,26.7833,-101.4167,40.59,45,100,11.5,MX,2022-01-21 01:35:10
341,Zaranj,30.9667,61.8833,50.79,52,0,2.35,AF,2022-01-21 01:35:10
342,Tallahassee,30.4383,-84.2807,57.85,97,100,1.01,US,2022-01-21 01:34:02
343,Isangel,-19.55,169.2667,84.31,84,75,4.61,VU,2022-01-21 01:35:10
344,Kathmandu,27.7167,85.3167,46.62,100,75,2.3,NP,2022-01-21 01:32:06
345,Paracatu,-17.2222,-46.8747,73.78,69,96,1.1,BR,2022-01-21 01:35:11
346,Yanliang,34.6592,109.2292,29.39,90,100,11.32,CN,2022-01-21 01:35:11
347,Farafangana,-22.8167,47.8333,73.04,87,95,7.52,MG,2022-01-21 01:35:11
348,Asfi,32.2994,-9.2372,58.06,55,85,7.83,MA,2022-01-21 01:32:06
349,Lorengau,-2.0226,147.2712,82.9,79,95,7.81,PG,2022-01-21 01:35:11
350,Olafsvik,64.8945,-23.7142,44.51,91,100,36.33,IS,2022-01-21 01:35:12
351,Nome,64.5011,-165.4064,5.07,72,100,16.11,US,2022-01-21 01:33:17
352,Kashi,39.4547,75.9797,26.26,49,20,8.95,CN,2022-01-21 01:35:12
353,Ravar,31.2656,56.8055,44.01,35,0,14.72,IR,2022-01-21 01:35:13
354,Qiongshan,20.0058,110.3542,64.38,94,49,2.24,CN,2022-01-21 01:35:13
355,Sturgis,41.7992,-85.4192,19.31,57,100,6.91,US,2022-01-21 01:30:13
356,Sitka,57.0531,-135.33,39.09,93,100,8.05,US,2022-01-21 01:35:13
357,Jaguaribe,-5.8906,-38.6219,78.42,56,99,5.61,BR,2022-01-21 01:35:14
358,Bonavista,48.6499,-53.1147,44.11,97,100,12.84,CA,2022-01-21 01:35:14
359,Palembang,-2.9167,104.7458,78.89,89,20,5.75,ID,2022-01-21 01:34:08
360,Ozernovskiy,51.5,156.5167,32.07,73,100,8.57,RU,2022-01-21 01:35:14
361,Nemuro,43.3236,145.575,28.83,71,95,21.77,JP,2022-01-21 01:35:15
362,Coruripe,-10.1256,-36.1756,78.46,81,6,7.2,BR,2022-01-21 01:35:15
363,Saldanha,-33.0117,17.9442,60.85,86,0,12.84,ZA,2022-01-21 01:35:15
364,Camacupa,-12.0167,17.4833,62.02,89,100,0.65,AO,2022-01-21 01:35:15
365,Bara,10.3744,10.7288,58.33,31,83,7.81,NG,2022-01-21 01:35:16
366,Sambava,-14.2667,50.1667,75.33,90,100,3.65,MG,2022-01-21 01:36:16
367,Aberdeen,57.1437,-2.0981,42.49,82,100,6.91,GB,2022-01-21 01:36:16
368,Beloha,-25.1667,45.05,68.68,89,25,8.57,MG,2022-01-21 01:36:17
369,Saint-Pierre,-21.3393,55.4781,78.44,83,100,4.61,RE,2022-01-21 01:36:17
370,Namibe,-15.1961,12.1522,69.06,84,99,5.46,AO,2022-01-21 01:36:17
371,Tete,-16.1564,33.5867,73.49,83,20,4.61,MZ,2022-01-21 01:36:18
372,Mandurah,-32.55,115.7,95.14,32,0,3.87,AU,2022-01-21 01:32:06
373,Majene,-3.5403,118.9707,76.32,91,100,4.59,ID,2022-01-21 01:36:18
374,Saint Anthony,45.0205,-93.218,-0.15,71,0,4.61,US,2022-01-21 01:36:18
375,Nong Khae,14.3406,100.8673,80.28,73,93,6.26,TH,2022-01-21 01:36:18
376,Mitsamiouli,-11.3847,43.2844,79.84,80,100,13.96,KM,2022-01-21 01:36:19
377,Malumfashi,11.7853,7.6218,53.46,24,21,10.76,NG,2022-01-21 01:36:19
378,Kismayo,-0.3582,42.5454,77.58,88,100,11.95,SO,2022-01-21 01:36:19
379,Port-Gentil,-0.7193,8.7815,79.41,79,100,7.16,GA,2022-01-21 01:36:13
380,Mae Sai,20.4335,99.8762,64.44,88,26,1.19,TH,2022-01-21 01:36:20
381,Acapulco,16.8634,-99.8901,80.42,74,75,5.75,MX,2022-01-21 01:32:56
382,Plymouth,41.8334,-70.8328,31.78,63,0,1.01,US,2022-01-21 01:35:27
383,Airai,-8.9266,125.4092,61.47,98,100,3.74,TL,2022-01-21 01:36:20
384,Breyten,-26.3018,29.987,48.63,98,20,4.41,ZA,2022-01-21 01:36:20
385,Hasaki,35.7333,140.8333,39.6,44,1,21.92,JP,2022-01-21 01:36:21
386,Mangai,-4.05,19.5333,71.65,92,100,1.05,CD,2022-01-21 01:36:21
387,Thunder Bay,48.4001,-89.3168,-4.45,77,0,6.91,CA,2022-01-21 01:36:21
388,Oussouye,12.485,-16.5469,73.58,81,68,6.17,SN,2022-01-21 01:36:21
389,Chumikan,54.7183,135.315,-5.89,84,9,20.27,RU,2022-01-21 01:36:22
390,Arawa,-6.2132,155.5367,81.27,85,100,3.38,PG,2022-01-21 01:36:22
391,Beidao,34.5686,105.8933,37.78,88,100,2.53,CN,2022-01-21 01:36:22
392,Shimanovsk,52.0,127.7,-4.86,81,5,2.89,RU,2022-01-21 01:36:23
393,Calvinia,-31.4707,19.776,74.62,19,10,3.71,ZA,2022-01-21 01:36:23
394,Sorland,67.667,12.6934,32.92,55,100,14.25,NO,2022-01-21 01:36:23
395,Bandarbeyla,9.4942,50.8122,75.16,76,57,17.56,SO,2022-01-21 01:36:23
396,Boa Vista,2.8197,-60.6733,84.18,58,0,10.36,BR,2022-01-21 01:36:24
397,Benguela,-12.5763,13.4055,72.32,77,97,5.19,AO,2022-01-21 01:36:24
398,Kefamenanu,-9.4467,124.4781,73.99,89,100,2.89,ID,2022-01-21 01:36:24
399,Qujing,25.4833,103.7833,45.01,86,90,9.6,CN,2022-01-21 01:36:24
400,Vavuniya,8.7514,80.4971,67.62,83,100,1.77,LK,2022-01-21 01:36:25
401,Areka,7.0667,37.7,58.17,79,84,5.21,ET,2022-01-21 01:36:25
402,Naqadeh,36.9553,45.388,1.71,80,1,6.04,IR,2022-01-21 01:36:25
403,Siilinjarvi,63.0833,27.6667,21.22,86,75,13.8,FI,2022-01-21 01:36:26
404,Big Spring,32.2504,-101.4787,31.48,33,100,5.01,US,2022-01-21 01:36:01
405,Coahuayana,18.7333,-103.6833,81.88,80,95,1.81,MX,2022-01-21 01:36:26
406,Ayan,56.45,138.1667,-0.08,75,12,6.11,RU,2022-01-21 01:36:26
407,Pirapozinho,-22.2753,-51.5,72.88,88,0,4.61,BR,2022-01-21 01:35:47
408,Karagay,58.2667,54.9368,17.91,91,100,11.32,RU,2022-01-21 01:36:27
409,Saint-Francois,46.4154,3.9054,34.48,83,0,11.5,FR,2022-01-21 01:36:27
410,Bambanglipuro,-7.95,110.2833,78.31,82,100,2.82,ID,2022-01-21 01:36:27
411,Nanortalik,60.1432,-45.2371,25.84,70,100,22.53,GL,2022-01-21 01:33:12
412,Ordu,40.9086,37.6845,21.7,77,2,11.32,TR,2022-01-21 01:36:27
413,Bengkulu,-3.8004,102.2655,76.44,85,100,3.42,ID,2022-01-21 01:37:28
414,Samarai,-10.6167,150.6667,84.96,70,100,8.84,PG,2022-01-21 01:37:28
415,Royan,45.6285,-1.0281,37.44,89,12,12.39,FR,2022-01-21 01:37:28
416,Naliya,23.2667,68.8333,69.46,94,1,8.66,IN,2022-01-21 01:37:29
417,Mattru,7.6244,-11.8332,72.01,96,98,1.72,SL,2022-01-21 01:37:29
418,Shimoda,34.6667,138.95,44.96,86,100,6.08,JP,2022-01-21 01:37:29
419,Toktogul,41.8708,72.9402,20.61,52,2,3.78,KG,2022-01-21 01:37:30
420,Krasnoselkup,65.7,82.4667,8.55,94,95,15.93,RU,2022-01-21 01:37:30
421,Molina,-35.1167,-71.2833,67.73,28,0,6.91,CL,2022-01-21 01:37:30
422,Masterton,-40.9597,175.6575,71.96,34,24,6.22,NZ,2022-01-21 01:33:14
423,Milos,36.75,24.4333,55.6,63,0,26.33,GR,2022-01-21 01:37:30
424,Teixoso,40.3145,-7.4576,39.69,83,0,6.85,PT,2022-01-21 01:37:31
425,Borovichi,58.3878,33.9155,26.31,93,100,7.9,RU,2022-01-21 01:37:31
426,Maki,37.75,138.8833,35.55,66,100,19.19,JP,2022-01-21 01:37:31
427,Karpogory,64.0019,44.4451,27.66,93,100,9.98,RU,2022-01-21 01:37:31
428,Vernon,50.2581,-119.2691,37.29,100,79,2.3,CA,2022-01-21 01:36:29
429,Pozhva,59.0912,56.0847,18.5,94,100,10.6,RU,2022-01-21 01:37:32
430,Nador,35.174,-2.9287,52.05,82,75,1.14,MA,2022-01-21 01:37:32
431,Revda,56.801,59.9303,13.12,92,99,8.37,RU,2022-01-21 01:37:32
432,Coquimbo,-29.9533,-71.3436,60.53,77,0,10.36,CL,2022-01-21 01:37:33
433,Suntar,62.1444,117.6319,7.34,96,100,5.68,RU,2022-01-21 01:37:33
434,Perth,-31.9333,115.8333,95.02,18,0,12.66,AU,2022-01-21 01:32:51
435,Bartica,6.4,-58.6167,77.32,99,99,2.57,GY,2022-01-21 01:37:33
436,High Rock,26.6208,-78.2833,75.51,77,84,10.78,BS,2022-01-21 01:37:33
437,Muli,2.9167,73.5667,81.0,69,80,9.64,MV,2022-01-21 01:37:34
438,Bosaso,11.2842,49.1816,71.98,84,33,2.04,SO,2022-01-21 01:37:34
439,Sorong,-0.8833,131.25,80.46,83,100,4.88,ID,2022-01-21 01:37:34
440,Kyra,49.5776,111.9753,7.2,93,100,1.03,RU,2022-01-21 01:37:34
441,Almaznyy,48.0448,40.045,21.34,94,100,14.05,RU,2022-01-21 01:37:35
442,Middelburg,-25.7751,29.4648,52.74,89,0,6.35,ZA,2022-01-21 01:37:35
443,Te Anau,-45.4167,167.7167,66.24,54,73,2.86,NZ,2022-01-21 01:37:35
444,Sibolga,1.7427,98.7792,80.98,66,100,1.14,ID,2022-01-21 01:37:36
445,Khandyga,62.6667,135.6,-34.33,97,50,2.08,RU,2022-01-21 01:37:36
446,Nkhotakota,-12.9274,34.2961,70.07,85,7,5.1,MW,2022-01-21 01:37:36
447,Longyearbyen,78.2186,15.6401,10.24,67,20,2.3,SJ,2022-01-21 01:37:36
448,Kadaya,50.9327,119.2911,-7.17,96,87,1.86,RU,2022-01-21 01:37:37
449,Luderitz,-26.6481,15.1594,67.84,84,31,8.3,NA,2022-01-21 01:33:10
450,Tokur,53.1333,132.9,-12.26,92,64,2.24,RU,2022-01-21 01:37:37
451,Cadillac,44.2519,-85.4012,13.23,62,100,3.44,US,2022-01-21 01:37:37
452,Rawson,-43.3002,-65.1023,65.93,92,84,19.1,AR,2022-01-21 01:37:37
453,Talara,-4.5772,-81.2719,72.41,82,98,17.92,PE,2022-01-21 01:37:38
454,Flin Flon,54.7682,-101.865,10.87,84,100,12.44,CA,2022-01-21 01:37:38
455,Charters Towers,-20.1,146.2667,92.79,32,24,17.43,AU,2022-01-21 01:37:38
456,Kuala Kangsar,4.7667,100.9333,78.73,81,12,2.33,MY,2022-01-21 01:37:38
457,Waingapu,-9.6567,120.2641,82.27,73,100,11.77,ID,2022-01-21 01:37:39
458,Vaitape,-16.5167,-151.75,81.52,74,100,18.97,PF,2022-01-21 01:37:39
459,Hofn,64.2539,-15.2082,42.94,87,100,15.28,IS,2022-01-21 01:35:41
460,Fare,-16.7,-151.0167,81.25,76,100,18.57,PF,2022-01-21 01:37:39
461,Zhangjiakou,40.81,114.8794,14.34,81,99,3.0,CN,2022-01-21 01:37:40
462,Paamiut,61.994,-49.6678,19.06,87,100,8.32,GL,2022-01-21 01:38:40
463,Visby,57.6409,18.296,32.77,64,100,31.07,SE,2022-01-21 01:38:40
464,Uchiza,-8.4592,-76.4633,70.81,97,81,2.86,PE,2022-01-21 01:38:40
465,Fort Frances,48.5999,-93.4003,-12.78,77,0,3.44,CA,2022-01-21 01:38:41
466,Ciparay,-7.4249,108.4742,81.46,77,88,1.43,ID,2022-01-21 01:38:41
467,Voh,-20.9667,164.7,84.33,74,100,7.76,NC,2022-01-21 01:38:41
468,Northam,51.0333,-4.2167,35.29,67,1,2.53,GB,2022-01-21 01:38:41
469,Port Hedland,-20.3167,118.5667,96.85,49,2,3.44,AU,2022-01-21 01:38:42
470,Kyabe,9.4515,18.9449,70.34,29,25,5.12,TD,2022-01-21 01:38:42
471,Tommot,58.9564,126.2925,-13.23,95,83,0.78,RU,2022-01-21 01:38:42
472,Kaberamaido,1.7389,33.1594,67.98,60,87,4.41,UG,2022-01-21 01:38:43
473,Adrar,20.5022,-10.0711,63.68,17,69,12.3,MR,2022-01-21 01:38:43
474,Baykit,61.67,96.37,-8.34,100,98,1.01,RU,2022-01-21 01:38:43
475,Srednekolymsk,67.45,153.6833,-39.17,99,54,6.26,RU,2022-01-21 01:38:43
476,Samarinda,-0.5,117.15,73.6,98,100,2.06,ID,2022-01-21 01:38:44
477,Churapcha,62.0025,132.4325,-28.59,97,96,2.39,RU,2022-01-21 01:38:44
478,Betafo,-19.8333,46.85,59.43,96,100,4.72,MG,2022-01-21 01:38:44
479,Renqiu,38.6989,116.0936,25.23,54,79,2.42,CN,2022-01-21 01:38:45
480,Sharan,54.8167,54.0,-2.4,100,54,3.96,RU,2022-01-21 01:38:45
481,Sumbawanga,-7.9667,31.6167,56.88,92,95,1.83,TZ,2022-01-21 01:38:45
482,Batemans Bay,-35.7167,150.1833,72.99,55,64,7.16,AU,2022-01-21 01:38:46
483,Marovoay,-16.1,46.6333,75.34,96,100,5.19,MG,2022-01-21 01:38:46
484,Lufilufi,-13.8745,-171.5986,83.98,82,100,18.66,WS,2022-01-21 01:38:46
485,Graneros,-34.0667,-70.7333,50.68,33,8,2.93,CL,2022-01-21 01:38:46
486,Hami,42.8,93.45,27.63,42,100,4.34,CN,2022-01-21 01:38:47
487,Viedma,-40.8135,-62.9967,69.78,90,96,12.53,AR,2022-01-21 01:38:47
488,Mantua,45.1667,10.7833,38.82,98,4,1.01,IT,2022-01-21 01:38:47
489,Plettenberg Bay,-34.0527,23.3716,66.51,90,32,2.48,ZA,2022-01-21 01:38:48
490,Jeremie,18.65,-74.1167,76.05,79,1,2.3,HT,2022-01-21 01:38:48
491,Tabas,33.5959,56.9244,40.5,23,85,13.78,IR,2022-01-21 01:38:48
492,Cascais,38.6979,-9.4215,53.98,51,0,1.99,PT,2022-01-21 01:38:48
493,Snezhnogorsk,69.1933,33.2531,25.79,90,99,15.05,RU,2022-01-21 01:38:49
494,Kaupanger,61.1845,7.2404,15.84,97,100,1.9,NO,2022-01-21 01:38:49
495,Toora-Khem,52.4675,96.11,11.61,97,100,2.3,RU,2022-01-21 01:38:49
496,Galle,6.0367,80.217,74.71,79,70,2.86,LK,2022-01-21 01:38:49
497,Martapura,-3.4167,114.85,75.29,94,40,3.44,ID,2022-01-21 01:38:50
498,Lake Charles,30.2131,-93.2044,42.78,59,100,17.27,US,2022-01-21 01:38:50
499,Sydney,-33.8679,151.2073,77.36,67,75,3.0,AU,2022-01-21 01:38:50
500,Atambua,-9.1061,124.8925,73.31,93,100,5.19,ID,2022-01-21 01:38:50
501,Yumen,40.2833,97.2,21.24,47,1,0.85,CN,2022-01-21 01:38:51
502,Tagusao,9.1924,117.8141,82.38,71,36,5.64,PH,2022-01-21 01:38:51
503,Semporna,4.4818,118.6112,77.2,86,100,3.38,MY,2022-01-21 01:38:51
504,Sillamae,59.3997,27.7547,25.7,97,99,4.12,EE,2022-01-21 01:38:52
505,Ushibuka,32.1906,130.0228,46.31,54,14,14.03,JP,2022-01-21 01:38:52
506,Sumkino,58.1108,68.3244,13.46,89,100,8.61,RU,2022-01-21 01:39:52
507,Namtsy,62.7161,129.6658,-30.89,98,100,2.42,RU,2022-01-21 01:39:52
508,Vanimo,-2.6741,141.3028,81.88,84,36,4.97,PG,2022-01-21 01:39:53
509,Tema,5.667,-0.0166,81.01,34,62,3.44,GH,2022-01-21 01:39:53
510,Phalaborwa,-23.943,31.1411,67.28,78,77,7.34,ZA,2022-01-21 01:39:53
511,Florida,28.7505,-82.5001,64.02,87,99,4.61,US,2022-01-21 01:35:30
512,Marsabit,2.3284,37.9899,67.8,50,80,1.21,KE,2022-01-21 01:39:54
513,Qaqortoq,60.7167,-46.0333,25.3,87,100,18.48,GL,2022-01-21 01:39:54
514,Baranain,42.8057,-1.6773,41.65,77,75,14.97,ES,2022-01-21 01:39:54
515,Palmer,42.1584,-72.3287,26.15,49,75,1.01,US,2022-01-21 01:39:54
516,Westport,41.1415,-73.3579,28.74,56,0,4.0,US,2022-01-21 01:38:47
517,Tilichiki,60.4667,166.1,-11.99,78,0,7.87,RU,2022-01-21 01:39:55
518,Iralaya,15.0,-83.2333,77.25,85,10,9.37,HN,2022-01-21 01:39:55
519,Conceicao Do Araguaia,-8.2578,-49.2647,77.32,80,100,3.2,BR,2022-01-21 01:39:55
520,Biggar,55.6167,-3.5167,40.12,96,35,4.07,GB,2022-01-21 01:39:56
521,Solnechnyy,50.7214,136.6319,-1.12,87,26,3.18,RU,2022-01-21 01:39:57
522,Batagay-Alyta,67.8006,130.4114,-18.02,89,82,4.61,RU,2022-01-21 01:39:57
523,Flers,48.7372,-0.5747,39.45,93,68,4.05,FR,2022-01-21 01:39:57
524,Oranjestad,12.524,-70.027,80.55,74,20,20.71,AW,2022-01-21 01:39:58
525,Zhanaozen,43.3,52.8,28.27,94,100,19.37,KZ,2022-01-21 01:39:58
526,Kralendijk,12.15,-68.2667,78.78,73,20,17.27,BQ,2022-01-21 01:39:58
527,Silver City,32.7701,-108.2803,39.69,64,75,1.99,US,2022-01-21 01:39:58
528,Kolpashevo,58.3131,82.9089,-2.43,100,71,4.52,RU,2022-01-21 01:39:59
529,Fez,34.0372,-4.9998,43.05,60,0,4.61,MA,2022-01-21 01:39:59
530,Matamoros,25.5333,-103.25,60.91,39,100,5.75,MX,2022-01-21 01:39:59
531,Rennes,48.1667,-1.6667,41.32,81,100,5.75,FR,2022-01-21 01:40:00
532,Port Alberni,49.2413,-124.8028,46.24,93,56,1.01,CA,2022-01-21 01:40:00
533,Morgan City,29.6994,-91.2068,42.01,87,100,16.11,US,2022-01-21 01:40:00
534,San Patricio,28.017,-97.5169,39.29,52,100,16.22,US,2022-01-21 01:40:01
535,Araouane,18.9048,-3.5265,60.6,22,12,9.48,ML,2022-01-21 01:40:01
536,Walvis Bay,-22.9575,14.5053,69.1,88,100,3.44,NA,2022-01-21 01:40:01
537,Kabalo,-6.05,26.9167,67.59,97,100,2.13,CD,2022-01-21 01:40:02
538,Yamada,39.4667,141.95,35.42,47,44,11.56,JP,2022-01-21 01:40:02
539,Labuan,5.2767,115.2417,79.16,94,40,1.01,MY,2022-01-21 01:40:02
540,Mezen,65.8522,44.24,31.95,96,100,10.11,RU,2022-01-21 01:40:02
541,Leningradskiy,69.3833,178.4167,-32.21,92,5,3.71,RU,2022-01-21 01:40:03
542,Katsuura,35.1333,140.3,42.91,41,84,22.24,JP,2022-01-21 01:40:03
543,Murdochville,48.9583,-65.5006,4.08,89,8,5.3,CA,2022-01-21 01:40:03
544,Mirabad,30.4362,61.8383,51.19,53,0,1.68,AF,2022-01-21 01:40:03
545,Chemin Grenier,-20.4872,57.4656,80.19,86,23,10.51,MU,2022-01-21 01:40:04
546,Pochutla,15.7432,-96.4661,78.62,82,2,3.74,MX,2022-01-21 01:40:04
547,Shellbrook,53.2168,-106.4011,9.63,95,100,9.53,CA,2022-01-21 01:36:46
548,Cidreira,-30.1811,-50.2056,76.93,91,3,15.01,BR,2022-01-21 01:40:04
549,Chalus,36.655,51.4204,42.26,65,100,16.11,IR,2022-01-21 01:40:05
550,Manjeshwar,12.7194,74.8861,70.75,85,74,4.74,IN,2022-01-21 01:40:05
551,Naberera,-4.2,36.9333,65.37,77,100,1.99,TZ,2022-01-21 01:40:05
552,Arlit,18.7369,7.3853,55.0,24,0,6.35,NE,2022-01-21 01:40:06
553,Santa Cruz Del Sur,20.7147,-77.9956,76.1,78,21,7.27,CU,2022-01-21 01:41:06
554,Buraydah,26.326,43.975,37.85,38,0,8.77,SA,2022-01-21 01:36:26
555,Highland,34.1283,-117.2086,69.1,31,0,8.05,US,2022-01-21 01:41:06
556,Wuwei,37.9281,102.6414,25.99,40,18,1.74,CN,2022-01-21 01:41:07
557,Lokosovo,61.1333,74.8167,14.86,89,100,9.82,RU,2022-01-21 01:41:07
558,Morondava,-20.2833,44.2833,75.88,81,82,7.9,MG,2022-01-21 01:41:07
559,Sao Sebastiao,-23.76,-45.4097,76.57,92,81,4.81,BR,2022-01-21 01:39:48
560,Povoa De Varzim,41.3834,-8.7636,50.99,66,0,10.36,PT,2022-01-21 01:41:08
561,Zalantun,48.0,122.7167,0.79,80,99,1.92,CN,2022-01-21 01:41:08
562,Ixtapa,20.7,-105.2,76.23,78,100,3.44,MX,2022-01-21 01:41:08
563,Olga,43.7444,135.2892,10.94,49,0,8.16,RU,2022-01-21 01:41:09
564,Vao,-22.6667,167.4833,76.44,89,100,16.84,NC,2022-01-21 01:41:09
565,Deputatskiy,69.3,139.9,-19.88,76,46,6.13,RU,2022-01-21 01:41:09
566,Sao Joao Da Barra,-21.6403,-41.0511,75.76,87,0,7.96,BR,2022-01-21 01:41:09
567,Laguna,38.421,-121.4238,62.11,70,0,0.0,US,2022-01-21 01:41:10
568,Gravatai,-29.9444,-50.9919,80.35,87,20,12.66,BR,2022-01-21 01:41:10
569,Omboue,-1.5746,9.2618,76.78,87,100,4.74,GA,2022-01-21 01:41:10
570,Ningxiang,37.34,111.2052,25.36,86,100,7.2,CN,2022-01-21 01:41:10
571,Veraval,20.9,70.3667,70.32,88,6,9.24,IN,2022-01-21 01:41:11
572,Tsogni,-2.7942,10.0988,76.03,86,100,3.31,GA,2022-01-21 01:41:11
